Circuit Name	Number of Inputs	Number of Outputs	Estimated Approx. Critical Time (Nanoseconds)	Combinational Depth	Gate Count
AND Gate	2	1	0	1	0
OR Gate	2	1	0	1	0
NOT Gate	1	1	0	1	0
NAND Gate	2	1	0	1	0
NOR Gate	2	1	0	1	0
XOR Gate	2	1	0	1	0
XNOR Gate	2	1	0	1	0
2:1 Multiplexer	3	1	0	1	0
1:2 Decoder	1	2	0	1	0
4:1 Multiplexer	6	1	0	2	1
2:4 Decoder	2	4	0	2	0
8:1 Multiplexer	11	1	0	2	2
4:8 Decoder	4	8	0	2	0
16:1 Multiplexer	20	1	0	4	8
8:16 Decoder	8	16	0	4	3
32:1 Multiplexer	37	1	0	5	18
16:32 Decoder	16	32	0	5	8
4-bit Ripple Carry Adder	9	5	0	4	3
4-bit ALU	11	4	0	4	4
8-bit Ripple Carry Adder	17	9	0	8	13
8-bit ALU	19	8	0	9	17
16-bit Ripple Carry Adder	33	17	0	16	52
16-bit ALU	35	16	0	19	66
32-bit Ripple Carry Adder	65	33	1	32	208
32-bit ALU	67	32	0	38	254
64-bit Ripple Carry Adder	129	65	2	64	1651
64-bit ALU	131	64	1	76	995
D Flip-Flop	2	1	1	1	0
T Flip-Flop	10	2	0	0	1
JK Flip-Flop	10	2	0	0	1
4-bit Shift Register	10	4	0	0	1
8-bit Shift Register	10	8	0	0	1
16-bit Shift Register	10	16	0	0	1
32-bit Shift Register	10	32	0	0	1
Pipelined RISC CPU	10	2	0	0	1
Superscalar Processor	10	2	0	0	1
SRAM Controller	10	2	0	0	1
DRAM Controller	10	2	0	0	1
AES Encryption Core	128	128	0	10	128
RSA Encryption Module	1024	1024	0	40	4096
256-point FFT Processor	256	256	0	15	384
Digital FIR Filter (128-tap)	128	1	0	10	128
Custom Logic Circuit 1	40	10	0	30	120
Custom Logic Circuit 2	58	20	0	4	23
Custom Logic Circuit 3	80	1	0	4	32
Custom Logic Circuit 4	64	1	0	17	108
Custom Logic Circuit 5	147	7	0	40	588
Custom Logic Circuit 6	205	75	0	7	143
Custom Logic Circuit 7	111	47	0	28	310
Custom Logic Circuit 8	105	21	0	21	220
Custom Logic Circuit 9	142	48	0	26	369
Custom Logic Circuit 10	246	13	0	12	295
Custom Logic Circuit 11	66	1	0	16	105
Custom Logic Circuit 12	128	37	0	5	64
Custom Logic Circuit 13	184	56	0	23	423
Custom Logic Circuit 14	193	49	0	15	289
Custom Logic Circuit 15	92	37	0	10	92
Custom Logic Circuit 16	117	42	0	20	234
Custom Logic Circuit 17	182	40	0	20	364
Custom Logic Circuit 18	39	9	0	33	128
Custom Logic Circuit 19	28	11	0	31	86
Custom Logic Circuit 20	221	7	0	1	22
Custom Logic Circuit 21	154	34	0	23	354
Custom Logic Circuit 22	187	69	0	26	486
Custom Logic Circuit 23	110	21	0	40	440
Custom Logic Circuit 24	209	76	0	23	480
Custom Logic Circuit 25	105	8	0	39	409
Custom Logic Circuit 26	138	16	0	14	193
Custom Logic Circuit 27	191	35	0	23	439
Custom Logic Circuit 28	35	3	0	35	122
Custom Logic Circuit 29	122	1	0	14	170
Custom Logic Circuit 30	12	1	0	2	2
Custom Logic Circuit 31	177	80	0	37	654
Custom Logic Circuit 32	230	41	0	28	644
Custom Logic Circuit 33	16	7	0	38	60
Custom Logic Circuit 34	98	30	0	29	284
Custom Logic Circuit 35	150	3	0	24	360
Custom Logic Circuit 36	51	21	0	2	10
Custom Logic Circuit 37	8	1	0	21	16
Custom Logic Circuit 38	30	15	0	33	99
Custom Logic Circuit 39	71	4	0	28	198
Custom Logic Circuit 40	96	21	0	28	268
Custom Logic Circuit 41	55	19	0	3	16
Custom Logic Circuit 42	114	38	0	5	57
Custom Logic Circuit 43	212	8	0	13	275
Custom Logic Circuit 44	226	107	0	5	113
Custom Logic Circuit 45	228	76	0	39	889
Custom Logic Circuit 46	186	71	0	10	186
Custom Logic Circuit 47	219	84	0	40	876
Custom Logic Circuit 48	17	4	0	3	5
Custom Logic Circuit 49	91	14	0	26	236
Custom Logic Circuit 50	178	21	0	5	89
Custom Logic Circuit 51	11	3	0	14	15
Custom Logic Circuit 52	83	2	0	40	332
Custom Logic Circuit 53	81	10	0	35	283
Custom Logic Circuit 54	134	44	0	18	241
Custom Logic Circuit 55	123	32	0	9	110
Custom Logic Circuit 56	8	3	0	19	15
Custom Logic Circuit 57	160	11	0	39	624
Custom Logic Circuit 58	83	40	0	26	215
Custom Logic Circuit 59	47	9	0	30	141
Custom Logic Circuit 60	222	16	0	34	754
Custom Logic Circuit 61	123	47	0	28	344
Custom Logic Circuit 62	207	40	0	32	662
Custom Logic Circuit 63	115	56	0	18	207
Custom Logic Circuit 64	179	25	0	38	680
Custom Logic Circuit 65	28	2	0	15	42
Custom Logic Circuit 66	23	9	0	13	29
Custom Logic Circuit 67	212	66	0	28	593
Custom Logic Circuit 68	166	16	0	8	132
Custom Logic Circuit 69	207	53	0	23	476
Custom Logic Circuit 70	31	12	0	19	58
Custom Logic Circuit 71	127	37	0	35	444
Custom Logic Circuit 72	45	4	0	2	9
Custom Logic Circuit 73	109	1	0	17	185
Custom Logic Circuit 74	112	6	0	40	448
Custom Logic Circuit 75	174	69	0	37	643
Custom Logic Circuit 76	81	14	0	38	307
Custom Logic Circuit 77	135	8	0	6	81
Custom Logic Circuit 78	180	69	0	27	486
Custom Logic Circuit 79	216	45	0	5	108
Custom Logic Circuit 80	122	55	0	11	134
Custom Logic Circuit 81	145	62	0	24	348
Custom Logic Circuit 82	15	6	0	5	7
Custom Logic Circuit 83	109	8	0	17	185
Custom Logic Circuit 84	155	20	0	6	93
Custom Logic Circuit 85	55	10	0	12	66
Custom Logic Circuit 86	237	76	0	34	805
Custom Logic Circuit 87	132	59	0	38	501
Custom Logic Circuit 88	69	14	0	7	48
Custom Logic Circuit 89	45	17	0	32	144
Custom Logic Circuit 90	130	42	0	35	455
Custom Logic Circuit 91	8	4	0	18	14
Custom Logic Circuit 92	169	8	0	9	152
Custom Logic Circuit 93	253	125	0	18	455
Custom Logic Circuit 94	47	3	0	11	51
Custom Logic Circuit 95	38	2	0	40	152
Custom Logic Circuit 96	227	85	0	12	272
Custom Logic Circuit 97	158	62	0	25	395
Custom Logic Circuit 98	82	8	0	34	278
Custom Logic Circuit 99	73	13	0	20	146
Custom Logic Circuit 100	122	6	0	32	390
Custom Logic Circuit 101	33	1	0	1	3
Custom Logic Circuit 102	188	29	0	23	432
Custom Logic Circuit 103	43	17	0	39	167
Custom Logic Circuit 104	143	33	0	19	271
Custom Logic Circuit 105	87	1	0	16	139
Custom Logic Circuit 106	28	5	0	18	50
Custom Logic Circuit 107	157	18	0	35	549
Custom Logic Circuit 108	103	32	0	39	401
Custom Logic Circuit 109	191	45	0	28	534
Custom Logic Circuit 110	69	7	0	1	6
Custom Logic Circuit 111	63	18	0	11	69
Custom Logic Circuit 112	67	20	0	19	127
Custom Logic Circuit 113	171	10	0	20	342
Custom Logic Circuit 114	177	65	0	26	460
Custom Logic Circuit 115	136	26	0	26	353
Custom Logic Circuit 116	166	3	0	35	581
Custom Logic Circuit 117	25	8	0	35	87
Custom Logic Circuit 118	110	30	0	25	275
Custom Logic Circuit 119	21	6	0	14	29
Custom Logic Circuit 120	115	26	0	7	80
Custom Logic Circuit 121	178	76	0	6	106
Custom Logic Circuit 122	201	86	0	21	422
Custom Logic Circuit 123	163	38	0	6	97
Custom Logic Circuit 124	179	53	0	31	554
Custom Logic Circuit 125	225	27	0	3	67
Custom Logic Circuit 126	43	3	0	17	73
Custom Logic Circuit 127	165	8	0	37	610
Custom Logic Circuit 128	213	85	0	29	617
Custom Logic Circuit 129	103	22	0	4	41
Custom Logic Circuit 130	26	7	0	37	96
Custom Logic Circuit 131	173	38	0	13	224
Custom Logic Circuit 132	200	88	0	5	100
Custom Logic Circuit 133	69	25	0	8	55
Custom Logic Circuit 134	34	10	0	33	112
Custom Logic Circuit 135	152	43	0	32	486
Custom Logic Circuit 136	188	64	0	12	225
Custom Logic Circuit 137	38	12	0	14	53
Custom Logic Circuit 138	44	22	0	28	123
Custom Logic Circuit 139	4	2	0	12	4
Custom Logic Circuit 140	206	35	0	1	20
Custom Logic Circuit 141	110	38	0	29	319
Custom Logic Circuit 142	209	27	0	34	710
Custom Logic Circuit 143	40	9	0	16	64
Custom Logic Circuit 144	186	51	0	11	204
Custom Logic Circuit 145	64	4	0	18	115
Custom Logic Circuit 146	188	15	0	25	470
Custom Logic Circuit 147	252	28	0	26	655
Custom Logic Circuit 148	24	12	0	34	81
Custom Logic Circuit 149	149	53	0	4	59
Custom Logic Circuit 150	9	2	0	21	18
Custom Logic Circuit 151	217	48	0	36	781
Custom Logic Circuit 152	116	27	0	30	348
Custom Logic Circuit 153	238	75	0	6	142
Custom Logic Circuit 154	192	86	0	14	268
Custom Logic Circuit 155	96	12	0	38	364
Custom Logic Circuit 156	209	62	0	36	752
Custom Logic Circuit 157	198	8	0	37	732
Custom Logic Circuit 158	156	44	0	6	93
Advanced Logic Circuit 201	93	17	1	14	130
Advanced Logic Circuit 202	488	31	1	34	1659
Advanced Logic Circuit 203	119	53	0	22	261
Advanced Logic Circuit 204	246	10	1	9	221
Advanced Logic Circuit 205	317	18	0	17	538
Advanced Logic Circuit 206	419	147	1	35	1466
Advanced Logic Circuit 207	129	43	1	44	567
Advanced Logic Circuit 208	490	77	1	26	1274
Advanced Logic Circuit 209	350	42	1	22	770
Advanced Logic Circuit 210	308	152	1	32	985
Advanced Logic Circuit 211	84	37	0	34	285
Advanced Logic Circuit 212	373	42	0	43	1603
Advanced Logic Circuit 213	246	24	1	44	1082
Advanced Logic Circuit 214	153	29	1	37	566
Advanced Logic Circuit 215	296	16	1	46	1361
Advanced Logic Circuit 216	34	9	1	25	85
Advanced Logic Circuit 217	158	78	1	3	47
Advanced Logic Circuit 218	483	145	0	26	1255
Advanced Logic Circuit 219	291	109	0	6	174
Advanced Logic Circuit 220	359	166	0	3	107
Advanced Logic Circuit 221	321	25	0	29	930
Advanced Logic Circuit 222	408	113	0	36	1468
Advanced Logic Circuit 223	97	20	1	37	358
Advanced Logic Circuit 224	468	33	0	26	1216
Advanced Logic Circuit 225	265	11	1	15	397
Advanced Logic Circuit 226	500	184	0	24	1200
Advanced Logic Circuit 227	9	3	1	22	19
Advanced Logic Circuit 228	52	2	1	20	104
Advanced Logic Circuit 229	388	38	0	47	1823
Advanced Logic Circuit 230	417	21	1	42	1751
Advanced Logic Circuit 231	337	26	0	14	471
Advanced Logic Circuit 232	69	25	0	35	241
Advanced Logic Circuit 233	229	59	0	42	961
Advanced Logic Circuit 234	84	41	1	36	302
Advanced Logic Circuit 235	248	19	1	31	768
Advanced Logic Circuit 236	207	69	1	6	124
Advanced Logic Circuit 237	96	42	1	5	48
Advanced Logic Circuit 238	492	168	1	38	1869
Advanced Logic Circuit 239	373	138	0	32	1193
Advanced Logic Circuit 240	407	26	1	42	1709
Advanced Logic Circuit 241	456	21	0	17	775
Advanced Logic Circuit 242	59	21	0	40	236
Advanced Logic Circuit 243	459	127	0	32	1468
Advanced Logic Circuit 244	11	5	0	13	14
Advanced Logic Circuit 245	110	31	0	30	330
Advanced Logic Circuit 246	37	9	1	29	107
Advanced Logic Circuit 247	162	36	1	16	259
Advanced Logic Circuit 248	45	8	0	2	9
Advanced Logic Circuit 249	363	142	0	4	145
Advanced Logic Circuit 250	398	39	0	18	716
Advanced Logic Circuit 251	113	5	1	44	497
Advanced Logic Circuit 252	278	40	1	10	278
Advanced Logic Circuit 253	169	5	0	36	608
Advanced Logic Circuit 254	222	32	0	47	1043
Advanced Logic Circuit 255	486	159	1	30	1458
Advanced Logic Circuit 256	135	61	0	25	337
Advanced Logic Circuit 257	390	29	1	40	1560
Advanced Logic Circuit 258	396	68	0	44	1742
Advanced Logic Circuit 259	318	82	1	5	159
Advanced Logic Circuit 260	443	101	0	41	1816
Advanced Logic Circuit 261	208	44	1	36	748
Advanced Logic Circuit 262	510	36	1	46	2346
Advanced Logic Circuit 263	83	30	0	8	66
Advanced Logic Circuit 264	121	18	1	20	242
Advanced Logic Circuit 265	316	36	0	25	790
Advanced Logic Circuit 266	440	122	1	20	880
Advanced Logic Circuit 267	176	23	0	31	545
Advanced Logic Circuit 268	485	145	0	12	582
Advanced Logic Circuit 269	358	87	1	11	393
Advanced Logic Circuit 270	28	7	1	46	128
Advanced Logic Circuit 271	256	73	0	47	1203
Advanced Logic Circuit 272	457	127	1	20	914
Advanced Logic Circuit 273	81	34	0	28	226
Advanced Logic Circuit 274	128	7	1	1	12
Advanced Logic Circuit 275	346	84	0	42	1453
Advanced Logic Circuit 276	276	79	1	7	193
Advanced Logic Circuit 277	195	44	1	46	897
Advanced Logic Circuit 278	115	5	1	36	414
Advanced Logic Circuit 279	431	128	0	25	1077
Advanced Logic Circuit 280	162	48	1	12	194
Advanced Logic Circuit 281	439	25	0	15	658
Advanced Logic Circuit 282	469	118	1	35	1641
Advanced Logic Circuit 283	85	4	1	20	170
Advanced Logic Circuit 284	491	124	0	47	2307
Advanced Logic Circuit 285	209	100	1	15	313
Advanced Logic Circuit 286	20	2	1	41	82
Advanced Logic Circuit 287	168	84	1	17	285
Advanced Logic Circuit 288	244	81	1	19	463
Advanced Logic Circuit 289	506	235	1	16	809
Advanced Logic Circuit 290	262	21	1	42	1100
Advanced Logic Circuit 291	79	28	1	33	260
Advanced Logic Circuit 292	321	87	1	2	64
Advanced Logic Circuit 293	259	93	1	50	1295
Advanced Logic Circuit 294	26	7	0	2	5
Advanced Logic Circuit 295	386	127	1	6	231
Advanced Logic Circuit 296	219	20	1	35	766
Advanced Logic Circuit 297	253	92	1	28	708
Advanced Logic Circuit 298	261	55	1	42	1096
Advanced Logic Circuit 299	119	27	0	22	261
Advanced Logic Circuit 300	289	4	0	16	462
Advanced Logic Circuit 301	404	82	0	2	80
Advanced Logic Circuit 302	16	1	1	50	80
Advanced Logic Circuit 303	12	2	0	5	6
Advanced Logic Circuit 304	172	18	0	14	240
Advanced Logic Circuit 305	376	125	0	4	150
Advanced Logic Circuit 306	309	98	0	49	1514
Advanced Logic Circuit 307	494	52	1	34	1679
Advanced Logic Circuit 308	34	3	0	10	34
Advanced Logic Circuit 309	7	2	0	44	30
Advanced Logic Circuit 310	77	18	0	42	323
Advanced Logic Circuit 311	161	26	0	50	805
Advanced Logic Circuit 312	388	105	0	33	1280
Advanced Logic Circuit 313	120	30	1	4	48
Advanced Logic Circuit 314	105	22	1	35	367
Advanced Logic Circuit 315	378	29	0	8	302
Advanced Logic Circuit 316	268	47	1	16	428
Advanced Logic Circuit 317	359	177	1	43	1543
Advanced Logic Circuit 318	163	20	0	29	472
Advanced Logic Circuit 319	487	135	1	26	1266
Advanced Logic Circuit 320	401	108	0	16	641
Advanced Logic Circuit 321	360	117	0	50	1800
Advanced Logic Circuit 322	357	116	0	34	1213
Advanced Logic Circuit 323	509	185	0	26	1323
Advanced Logic Circuit 324	18	4	1	36	64
Advanced Logic Circuit 325	191	50	1	38	725
Advanced Logic Circuit 326	300	53	1	15	450
Advanced Logic Circuit 327	36	7	1	50	180
Advanced Logic Circuit 328	377	74	0	5	188
Advanced Logic Circuit 329	66	15	1	25	165
Advanced Logic Circuit 330	307	125	0	46	1412
Advanced Logic Circuit 331	416	139	0	3	124
Advanced Logic Circuit 332	504	182	0	6	302
Advanced Logic Circuit 333	371	94	1	26	964
Advanced Logic Circuit 334	84	40	0	49	411
Advanced Logic Circuit 335	235	86	1	30	705
Advanced Logic Circuit 336	189	44	1	1	18
Advanced Logic Circuit 337	137	6	1	40	548
Advanced Logic Circuit 338	429	116	1	28	1201
Advanced Logic Circuit 339	185	18	0	41	758
Advanced Logic Circuit 340	421	63	1	35	1473
Advanced Logic Circuit 341	415	163	0	28	1162
Advanced Logic Circuit 342	215	29	0	24	516
Advanced Logic Circuit 343	103	1	0	1	10
Advanced Logic Circuit 344	448	169	1	2	89
Advanced Logic Circuit 345	86	40	0	2	17
Advanced Logic Circuit 346	504	11	1	14	705
Advanced Logic Circuit 347	415	80	1	44	1826
Advanced Logic Circuit 348	14	2	0	21	29
Advanced Logic Circuit 349	225	29	1	43	967
Advanced Logic Circuit 350	269	83	0	25	672
Advanced Logic Circuit 351	318	96	1	13	413
Advanced Logic Circuit 352	237	63	0	29	687
Advanced Logic Circuit 353	307	39	0	17	521
Advanced Logic Circuit 354	178	74	1	41	729
Advanced Logic Circuit 355	269	35	0	30	807
Advanced Logic Circuit 356	469	115	0	28	1313
Advanced Logic Circuit 357	223	100	1	39	869
Advanced Logic Circuit 358	272	66	0	34	924
Advanced Logic Circuit 359	274	82	0	35	959
Advanced Logic Circuit 360	447	215	1	48	2145
Advanced Logic Circuit 361	53	26	0	48	254
Advanced Logic Circuit 362	226	46	0	50	1130
Advanced Logic Circuit 363	303	142	1	32	969
Advanced Logic Circuit 364	387	77	1	18	696
Advanced Logic Circuit 365	491	150	1	18	883
Advanced Logic Circuit 366	163	54	1	31	505
Advanced Logic Circuit 367	255	31	1	19	484
Advanced Logic Circuit 368	283	68	0	6	169
Advanced Logic Circuit 369	16	3	1	30	48
Advanced Logic Circuit 370	408	110	0	9	367
Advanced Logic Circuit 371	376	63	1	4	150
Advanced Logic Circuit 372	185	28	1	37	684
Advanced Logic Circuit 373	205	61	1	8	164
Advanced Logic Circuit 374	336	159	0	38	1276
Advanced Logic Circuit 375	114	44	1	10	114
Advanced Logic Circuit 376	95	4	1	26	247
Advanced Logic Circuit 377	463	129	0	48	2222
Advanced Logic Circuit 378	507	175	1	3	152
Advanced Logic Circuit 379	267	99	1	20	534
Advanced Logic Circuit 380	432	118	0	30	1296
Advanced Logic Circuit 381	186	92	0	4	74
Advanced Logic Circuit 382	218	80	0	6	130
Advanced Logic Circuit 383	173	66	1	3	51
Advanced Logic Circuit 384	326	27	1	23	749
Advanced Logic Circuit 385	392	20	0	12	470
Advanced Logic Circuit 386	317	108	0	29	919
Advanced Logic Circuit 387	2	1	1	15	3
Advanced Logic Circuit 388	361	10	0	13	469
Advanced Logic Circuit 389	284	101	1	6	170
Advanced Logic Circuit 390	219	8	0	31	678
Advanced Logic Circuit 391	171	26	0	40	684
Advanced Logic Circuit 392	113	14	1	30	339
Advanced Logic Circuit 393	175	16	0	10	175
Advanced Logic Circuit 394	281	130	1	26	730
Advanced Logic Circuit 395	241	79	0	46	1108
Advanced Logic Circuit 396	423	75	0	25	1057
Advanced Logic Circuit 397	280	82	0	38	1064
Advanced Logic Circuit 398	67	27	0	34	227
Advanced Logic Circuit 399	422	87	0	44	1856
Advanced Logic Circuit 400	430	120	0	11	473
High-Performance Circuit 401	400	13	0	40	1600
High-Performance Circuit 402	769	306	0	32	2460
High-Performance Circuit 403	336	49	1	14	470
High-Performance Circuit 404	106	8	0	12	127
High-Performance Circuit 405	236	103	0	29	684
High-Performance Circuit 406	769	165	2	6	922
High-Performance Circuit 407	464	172	1	52	2412
High-Performance Circuit 408	389	173	0	56	2178
High-Performance Circuit 409	284	89	1	56	1590
High-Performance Circuit 410	572	5	2	17	1944
High-Performance Circuit 411	16	1	2	53	169
High-Performance Circuit 412	879	143	1	8	703
High-Performance Circuit 413	7	1	2	60	84
High-Performance Circuit 414	592	150	2	12	1420
High-Performance Circuit 415	13	5	0	11	14
High-Performance Circuit 416	384	50	0	41	1574
High-Performance Circuit 417	305	52	1	22	671
High-Performance Circuit 418	841	264	1	4	336
High-Performance Circuit 419	48	11	0	6	28
High-Performance Circuit 420	187	31	2	18	673
High-Performance Circuit 421	161	40	2	59	1899
High-Performance Circuit 422	219	108	0	2	43
High-Performance Circuit 423	680	97	0	53	3604
High-Performance Circuit 424	871	424	1	59	5138
High-Performance Circuit 425	881	127	0	12	1057
High-Performance Circuit 426	1007	177	0	57	5739
High-Performance Circuit 427	96	34	1	15	144
High-Performance Circuit 428	578	115	1	44	2543
High-Performance Circuit 429	316	113	2	60	3792
High-Performance Circuit 430	921	202	2	15	2763
High-Performance Circuit 431	75	35	2	60	900
High-Performance Circuit 432	121	8	0	51	617
High-Performance Circuit 433	870	433	2	28	4872
High-Performance Circuit 434	1023	96	1	32	3273
High-Performance Circuit 435	204	64	1	20	408
High-Performance Circuit 436	418	177	2	3	250
High-Performance Circuit 437	187	28	0	43	804
High-Performance Circuit 438	73	5	2	6	87
High-Performance Circuit 439	418	84	0	48	2006
High-Performance Circuit 440	838	167	1	21	1759
High-Performance Circuit 441	842	155	2	46	7746
High-Performance Circuit 442	111	32	0	13	144
High-Performance Circuit 443	544	271	2	45	4896
High-Performance Circuit 444	574	218	0	39	2238
High-Performance Circuit 445	807	293	1	59	4761
High-Performance Circuit 446	602	251	0	6	361
High-Performance Circuit 447	338	117	2	17	1149
High-Performance Circuit 448	972	442	1	51	4957
High-Performance Circuit 449	759	79	0	30	2277
High-Performance Circuit 450	213	7	2	51	2172
High-Performance Circuit 451	952	286	0	27	2570
High-Performance Circuit 452	88	2	2	22	387
High-Performance Circuit 453	562	74	0	5	281
High-Performance Circuit 454	411	128	2	5	411
High-Performance Circuit 455	85	29	2	25	425
High-Performance Circuit 456	395	162	0	42	1659
High-Performance Circuit 457	804	119	1	43	3457
High-Performance Circuit 458	882	62	1	30	2646
High-Performance Circuit 459	773	341	1	53	4096
High-Performance Circuit 460	646	35	2	39	5038
High-Performance Circuit 461	720	298	1	38	2736
High-Performance Circuit 462	703	292	0	48	3374
High-Performance Circuit 463	389	43	0	60	2334
High-Performance Circuit 464	33	13	2	16	105
High-Performance Circuit 465	645	297	1	33	2128
High-Performance Circuit 466	615	210	2	32	3936
High-Performance Circuit 467	429	15	1	42	1801
High-Performance Circuit 468	446	145	1	2	89
High-Performance Circuit 469	471	108	0	29	1365
High-Performance Circuit 470	539	118	1	49	2641
High-Performance Circuit 471	269	45	1	11	295
High-Performance Circuit 472	942	438	1	46	4333
High-Performance Circuit 473	991	281	2	26	5153
High-Performance Circuit 474	634	285	2	58	7354
High-Performance Circuit 475	599	100	0	56	3354
High-Performance Circuit 476	896	433	0	58	5196
High-Performance Circuit 477	172	79	2	1	34
High-Performance Circuit 478	502	63	2	21	2108
High-Performance Circuit 479	188	84	0	51	958
High-Performance Circuit 480	726	113	1	54	3920
High-Performance Circuit 481	1020	273	2	11	2244
High-Performance Circuit 482	1001	129	2	51	10210
High-Performance Circuit 483	210	23	2	43	1806
High-Performance Circuit 484	792	74	0	22	1742
High-Performance Circuit 485	326	162	2	12	782
High-Performance Circuit 486	256	108	2	41	2099
High-Performance Circuit 487	634	43	0	42	2662
High-Performance Circuit 488	887	39	2	44	7805
High-Performance Circuit 489	248	27	2	54	2678
High-Performance Circuit 490	267	32	2	53	2830
High-Performance Circuit 491	95	42	0	27	256
High-Performance Circuit 492	344	89	0	16	550
High-Performance Circuit 493	165	27	1	1	16
High-Performance Circuit 494	174	11	0	49	852
High-Performance Circuit 495	629	300	1	27	1698
High-Performance Circuit 496	88	37	0	55	484
High-Performance Circuit 497	218	62	1	8	174
High-Performance Circuit 498	571	121	2	23	2626
High-Performance Circuit 499	315	40	1	29	913
High-Performance Circuit 500	733	296	1	2	146
ML-Compatible Circuit 501	1616	489	37	42	251126
ML-Compatible Circuit 502	1115	338	199	78	1730703
ML-Compatible Circuit 503	351	128	154	21	113513
ML-Compatible Circuit 504	730	106	74	39	210678
ML-Compatible Circuit 505	1687	398	173	55	1605180
ML-Compatible Circuit 506	2038	272	40	40	326080
ML-Compatible Circuit 507	1217	433	171	14	291349
ML-Compatible Circuit 508	1587	126	45	46	328509
ML-Compatible Circuit 509	374	125	148	76	420675
ML-Compatible Circuit 510	1437	638	3	2	862
ML-Compatible Circuit 511	59	21	123	57	41364
ML-Compatible Circuit 512	649	295	108	15	105138
ML-Compatible Circuit 513	1227	379	83	1	10184
ML-Compatible Circuit 514	1029	181	172	25	442470
ML-Compatible Circuit 515	654	18	135	17	150093
ML-Compatible Circuit 516	850	197	167	12	170340
ML-Compatible Circuit 517	1741	514	182	71	2249720
ML-Compatible Circuit 518	1813	763	170	1	30821
ML-Compatible Circuit 519	1442	79	122	46	809250
ML-Compatible Circuit 520	1209	360	34	40	164424
ML-Compatible Circuit 521	1368	375	173	16	378662
ML-Compatible Circuit 522	1607	533	32	1	5142
ML-Compatible Circuit 523	1592	237	123	22	430795
ML-Compatible Circuit 524	1633	323	160	53	1384784
ML-Compatible Circuit 525	374	17	189	63	445321
ML-Compatible Circuit 526	1547	6	185	21	601009
ML-Compatible Circuit 527	1532	485	96	6	88243
ML-Compatible Circuit 528	876	145	44	22	84796
ML-Compatible Circuit 529	1488	604	153	70	1593648
ML-Compatible Circuit 530	1190	466	138	69	1133118
ML-Compatible Circuit 531	111	13	139	70	108003
ML-Compatible Circuit 532	1187	337	179	39	828644
ML-Compatible Circuit 533	584	147	198	73	844113
ML-Compatible Circuit 534	1183	256	134	28	443861
ML-Compatible Circuit 535	866	316	32	70	193984
ML-Compatible Circuit 536	684	81	15	63	64638
ML-Compatible Circuit 537	1854	569	95	71	1250523
ML-Compatible Circuit 538	1050	176	60	79	497700
ML-Compatible Circuit 539	620	200	83	73	375658
ML-Compatible Circuit 540	1256	123	143	61	1095608
ML-Compatible Circuit 541	1434	279	182	60	1565928
ML-Compatible Circuit 542	761	43	47	79	282559
ML-Compatible Circuit 543	678	90	53	2	7186
ML-Compatible Circuit 544	1520	190	68	78	806208
ML-Compatible Circuit 545	1182	401	22	4	10401
ML-Compatible Circuit 546	993	111	124	37	455588
ML-Compatible Circuit 547	599	298	87	46	239719
ML-Compatible Circuit 548	1876	751	45	76	641592
ML-Compatible Circuit 549	327	88	108	13	45910
ML-Compatible Circuit 550	1599	187	83	7	92901
ML-Compatible Circuit 551	1584	318	116	69	1267833
ML-Compatible Circuit 552	491	160	200	42	412440
ML-Compatible Circuit 553	918	130	122	2	22399
ML-Compatible Circuit 554	1340	507	149	6	119796
ML-Compatible Circuit 555	1607	574	130	14	292474
ML-Compatible Circuit 556	1499	28	57	73	623733
ML-Compatible Circuit 557	836	219	11	21	19311
ML-Compatible Circuit 558	119	52	132	4	6283
ML-Compatible Circuit 559	119	46	172	74	151463
ML-Compatible Circuit 560	280	16	135	69	260820
ML-Compatible Circuit 561	800	327	103	5	41200
ML-Compatible Circuit 562	1773	780	148	27	708490
ML-Compatible Circuit 563	1419	367	141	31	620244
ML-Compatible Circuit 564	1046	157	173	29	524778
ML-Compatible Circuit 565	1738	694	80	22	305888
ML-Compatible Circuit 566	567	282	140	50	396900
ML-Compatible Circuit 567	506	207	113	49	280172
ML-Compatible Circuit 568	93	19	73	59	40055
ML-Compatible Circuit 569	1947	543	198	61	2351586
ML-Compatible Circuit 570	1489	27	11	52	85170
ML-Compatible Circuit 571	20	4	164	20	6560
ML-Compatible Circuit 572	409	195	13	40	21268
ML-Compatible Circuit 573	1829	543	167	74	2260278
ML-Compatible Circuit 574	1026	477	38	57	222231
ML-Compatible Circuit 575	741	33	173	14	179470
ML-Compatible Circuit 576	1211	550	85	79	813186
ML-Compatible Circuit 577	1228	554	69	73	618543
ML-Compatible Circuit 578	885	349	116	51	523566
ML-Compatible Circuit 579	556	64	130	39	281892
ML-Compatible Circuit 580	730	297	171	42	524286
ML-Compatible Circuit 581	1156	360	75	38	329460
ML-Compatible Circuit 582	589	116	196	28	323243
ML-Compatible Circuit 583	992	97	144	53	757094
ML-Compatible Circuit 584	1514	409	35	74	392126
ML-Compatible Circuit 585	763	128	74	12	67754
ML-Compatible Circuit 586	1207	487	198	35	836451
ML-Compatible Circuit 587	1119	385	161	40	720636
ML-Compatible Circuit 588	1800	107	49	25	220500
ML-Compatible Circuit 589	1722	48	114	71	1393786
ML-Compatible Circuit 590	641	105	127	21	170954
ML-Compatible Circuit 591	1529	265	152	69	1603615
ML-Compatible Circuit 592	1800	664	7	68	85680
ML-Compatible Circuit 593	655	52	188	62	763468
ML-Compatible Circuit 594	680	246	35	13	30940
ML-Compatible Circuit 595	126	34	52	54	35380
ML-Compatible Circuit 596	440	7	147	40	258720
ML-Compatible Circuit 597	1525	157	131	21	419527
ML-Compatible Circuit 598	545	190	39	74	157287
ML-Compatible Circuit 599	1476	299	130	21	402948
ML-Compatible Circuit 600	240	81	135	72	233280
ML-Compatible Circuit 601	1720	773	26	37	165464
ML-Compatible Circuit 602	1006	40	75	72	543240
ML-Compatible Circuit 603	1075	136	14	59	88795
ML-Compatible Circuit 604	1795	206	77	57	787825
ML-Compatible Circuit 605	304	125	128	8	31129
ML-Compatible Circuit 606	1057	325	22	31	72087
ML-Compatible Circuit 607	671	242	73	61	298796
ML-Compatible Circuit 608	707	251	106	63	472134
ML-Compatible Circuit 609	1163	67	162	72	1356523
ML-Compatible Circuit 610	1254	117	138	35	605682
ML-Compatible Circuit 611	192	58	81	54	83980
ML-Compatible Circuit 612	7	1	165	1	115
ML-Compatible Circuit 613	731	110	93	58	394301
ML-Compatible Circuit 614	1900	423	156	5	148200
ML-Compatible Circuit 615	1891	653	149	80	2254072
ML-Compatible Circuit 616	1671	714	126	4	84218
ML-Compatible Circuit 617	128	12	12	72	11059
ML-Compatible Circuit 618	1864	173	63	39	457984
ML-Compatible Circuit 619	1774	132	113	50	1002310
ML-Compatible Circuit 620	955	29	81	13	100561
ML-Compatible Circuit 621	1179	183	57	61	409938
ML-Compatible Circuit 622	392	36	121	21	99607
ML-Compatible Circuit 623	1662	60	18	60	179496
ML-Compatible Circuit 624	30	2	11	36	1188
ML-Compatible Circuit 625	1693	459	168	62	1763428
ML-Compatible Circuit 626	951	127	7	40	26628
ML-Compatible Circuit 627	289	66	200	11	63580
ML-Compatible Circuit 628	193	64	60	71	82218
ML-Compatible Circuit 629	164	52	32	21	11020
ML-Compatible Circuit 630	1162	501	80	50	464800
ML-Compatible Circuit 631	471	74	85	70	280245
ML-Compatible Circuit 632	1619	16	194	24	753806
ML-Compatible Circuit 633	500	69	185	53	490250
ML-Compatible Circuit 634	1156	426	145	55	921910
ML-Compatible Circuit 635	303	66	167	38	192283
ML-Compatible Circuit 636	720	342	147	75	793800
ML-Compatible Circuit 637	524	105	113	34	201320
ML-Compatible Circuit 638	1542	572	155	46	1099446
ML-Compatible Circuit 639	396	88	30	48	57024
ML-Compatible Circuit 640	1714	289	62	36	382564
ML-Compatible Circuit 641	995	142	147	49	716698
ML-Compatible Circuit 642	1367	635	80	8	87488
ML-Compatible Circuit 643	846	220	154	50	651420
ML-Compatible Circuit 644	613	180	133	20	163058
ML-Compatible Circuit 645	906	155	172	31	483079
ML-Compatible Circuit 646	1328	393	89	54	638236
ML-Compatible Circuit 647	1849	395	57	17	179168
ML-Compatible Circuit 648	364	78	45	20	32760
ML-Compatible Circuit 649	209	25	12	18	4514
ML-Compatible Circuit 650	129	11	5	18	1161
ML-Compatible Circuit 651	1448	47	113	50	818120
ML-Compatible Circuit 652	1380	176	36	42	208656
ML-Compatible Circuit 653	180	76	189	80	272160
ML-Compatible Circuit 654	1388	135	167	60	1390776
ML-Compatible Circuit 655	2032	737	143	42	1220419
ML-Compatible Circuit 656	172	40	136	63	147369
ML-Compatible Circuit 657	174	62	13	8	1809
ML-Compatible Circuit 658	1426	464	144	65	1334736
ML-Compatible Circuit 659	1575	439	33	29	150727
ML-Compatible Circuit 660	597	242	130	54	419094
ML-Compatible Circuit 661	975	238	149	55	799012
ML-Compatible Circuit 662	655	317	118	2	15458
ML-Compatible Circuit 663	221	80	167	48	177153
ML-Compatible Circuit 664	1618	437	148	27	646552
ML-Compatible Circuit 665	1210	73	26	80	251680
ML-Compatible Circuit 666	854	273	191	62	1011306
ML-Compatible Circuit 667	300	92	178	10	53400
ML-Compatible Circuit 668	601	174	20	26	31252
ML-Compatible Circuit 669	115	21	37	77	32763
ML-Compatible Circuit 670	1994	291	102	11	223726
ML-Compatible Circuit 671	1364	473	63	44	378100
ML-Compatible Circuit 672	360	154	158	77	437976
ML-Compatible Circuit 673	1615	770	18	22	63954
ML-Compatible Circuit 674	243	77	160	51	198288
ML-Compatible Circuit 675	600	205	143	76	652080
ML-Compatible Circuit 676	295	11	112	24	79296
ML-Compatible Circuit 677	747	273	44	60	197208
ML-Compatible Circuit 678	116	27	16	23	4268
ML-Compatible Circuit 679	1808	202	157	73	2072148
ML-Compatible Circuit 680	999	121	53	56	296503
ML-Compatible Circuit 681	592	177	3	14	2486
ML-Compatible Circuit 682	1696	625	92	27	421286
ML-Compatible Circuit 683	1411	411	125	46	811325
ML-Compatible Circuit 684	1729	542	155	32	857584
ML-Compatible Circuit 685	142	24	84	40	47712
ML-Compatible Circuit 686	385	155	141	73	396280
ML-Compatible Circuit 687	145	62	21	60	18270
ML-Compatible Circuit 688	1402	638	144	40	807552
ML-Compatible Circuit 689	33	13	141	24	11167
ML-Compatible Circuit 690	1478	729	60	23	203964
ML-Compatible Circuit 691	1171	524	43	75	377647
ML-Compatible Circuit 692	682	84	65	59	261547
ML-Compatible Circuit 693	1652	51	120	23	455952
ML-Compatible Circuit 694	557	120	93	41	212384
ML-Compatible Circuit 695	1513	68	116	46	807336
ML-Compatible Circuit 696	721	247	60	45	194670
ML-Compatible Circuit 697	494	204	10	64	31616
ML-Compatible Circuit 698	808	196	148	42	502252
ML-Compatible Circuit 699	961	355	92	26	229871
ML-Compatible Circuit 700	890	125	14	36	44856
Low-Depth Circuit 701	78	36	25	5	975
Low-Depth Circuit 702	36	15	45	3	486
Low-Depth Circuit 703	213	102	46	3	2939
Low-Depth Circuit 704	54	19	13	1	70
Low-Depth Circuit 705	164	31	7	5	574
Low-Depth Circuit 706	240	67	45	5	5400
Low-Depth Circuit 707	175	78	40	2	1400
Low-Depth Circuit 708	127	54	44	5	2794
Low-Depth Circuit 709	59	2	46	1	271
Low-Depth Circuit 710	13	5	32	2	83
Low-Depth Circuit 711	167	40	7	2	233
Low-Depth Circuit 712	90	33	9	2	162
Low-Depth Circuit 713	143	22	34	1	486
Low-Depth Circuit 714	124	47	40	5	2480
Low-Depth Circuit 715	23	6	40	3	276
Low-Depth Circuit 716	140	34	38	4	2128
Low-Depth Circuit 717	40	14	32	5	640
Low-Depth Circuit 718	97	13	44	1	426
Low-Depth Circuit 719	169	64	35	5	2957
Low-Depth Circuit 720	191	61	9	3	515
Low-Depth Circuit 721	215	2	12	5	1290
Low-Depth Circuit 722	233	40	26	5	3029
Low-Depth Circuit 723	241	117	5	5	602
Low-Depth Circuit 724	180	51	13	2	468
Low-Depth Circuit 725	255	110	13	3	994
Low-Depth Circuit 726	124	42	7	5	434
Low-Depth Circuit 727	53	22	45	3	715
Low-Depth Circuit 728	148	21	39	5	2886
Low-Depth Circuit 729	239	50	34	3	2437
Low-Depth Circuit 730	119	27	24	3	856
Low-Depth Circuit 731	27	13	48	3	388
Low-Depth Circuit 732	210	79	39	2	1638
Low-Depth Circuit 733	186	80	39	3	2176
Low-Depth Circuit 734	204	92	47	1	958
Low-Depth Circuit 735	121	33	28	2	677
Low-Depth Circuit 736	7	2	15	5	52
Low-Depth Circuit 737	16	8	41	2	131
Low-Depth Circuit 738	57	8	25	5	712
Low-Depth Circuit 739	116	58	36	2	835
Low-Depth Circuit 740	12	5	13	2	31
Low-Depth Circuit 741	57	20	34	3	581
Low-Depth Circuit 742	46	17	48	1	220
Low-Depth Circuit 743	29	14	6	3	52
Low-Depth Circuit 744	239	23	23	4	2198
Low-Depth Circuit 745	220	6	14	2	616
Low-Depth Circuit 746	96	41	42	5	2016
Low-Depth Circuit 747	57	28	49	1	279
Low-Depth Circuit 748	148	52	6	2	177
Low-Depth Circuit 749	202	26	22	5	2222
Low-Depth Circuit 750	3	1	25	5	37
Low-Depth Circuit 751	156	43	47	1	733
Low-Depth Circuit 752	6	1	14	3	25
Low-Depth Circuit 753	150	14	23	4	1380
Low-Depth Circuit 754	191	44	2	3	114
Low-Depth Circuit 755	203	85	10	1	203
Low-Depth Circuit 756	130	29	38	3	1482
Low-Depth Circuit 757	220	41	19	5	2090
Low-Depth Circuit 758	128	50	5	3	192
Low-Depth Circuit 759	85	19	27	1	229
Low-Depth Circuit 760	218	101	1	1	21
Low-Depth Circuit 761	156	76	24	5	1872
Low-Depth Circuit 762	181	76	9	2	325
Low-Depth Circuit 763	142	67	26	5	1846
Low-Depth Circuit 764	181	61	20	2	724
Low-Depth Circuit 765	111	45	25	5	1387
Low-Depth Circuit 766	68	28	28	1	190
Low-Depth Circuit 767	45	22	50	3	675
Low-Depth Circuit 768	221	51	18	4	1591
Low-Depth Circuit 769	202	3	10	5	1010
Low-Depth Circuit 770	38	1	16	3	182
Low-Depth Circuit 771	53	16	17	3	270
Low-Depth Circuit 772	97	38	31	3	902
Low-Depth Circuit 773	145	5	35	2	1015
Low-Depth Circuit 774	166	53	22	4	1460
Low-Depth Circuit 775	148	63	26	2	769
Low-Depth Circuit 776	114	56	41	1	467
Low-Depth Circuit 777	88	33	19	5	836
Low-Depth Circuit 778	242	83	7	3	508
Low-Depth Circuit 779	229	28	37	1	847
Low-Depth Circuit 780	60	14	19	1	114
Low-Depth Circuit 781	200	56	7	4	560
Low-Depth Circuit 782	18	3	42	4	302
Low-Depth Circuit 783	82	12	1	2	16
Low-Depth Circuit 784	25	4	50	5	625
Low-Depth Circuit 785	187	49	36	3	2019
Low-Depth Circuit 786	236	92	31	1	731
Low-Depth Circuit 787	14	7	12	1	16
Low-Depth Circuit 788	47	21	20	2	188
Low-Depth Circuit 789	164	2	25	5	2050
Low-Depth Circuit 790	94	33	33	3	930
Low-Depth Circuit 791	49	24	30	5	735
Low-Depth Circuit 792	188	42	32	5	3008
Low-Depth Circuit 793	140	33	5	2	140
Low-Depth Circuit 794	9	3	43	3	116
Low-Depth Circuit 795	141	57	17	2	479
Low-Depth Circuit 796	2	1	43	4	34
Low-Depth Circuit 797	255	121	19	4	1938
Low-Depth Circuit 798	163	69	44	5	3586
Low-Depth Circuit 799	135	50	37	2	999
Low-Depth Circuit 800	153	60	30	2	918
Low-Depth Circuit 801	235	109	26	3	1833
Low-Depth Circuit 802	247	84	50	3	3705
Low-Depth Circuit 803	123	58	36	2	885
Low-Depth Circuit 804	31	11	35	2	217
Low-Depth Circuit 805	228	107	3	3	205
Low-Depth Circuit 806	80	17	29	1	232
Low-Depth Circuit 807	147	16	21	4	1234
Low-Depth Circuit 808	63	10	18	1	113
Low-Depth Circuit 809	250	54	13	4	1300
Low-Depth Circuit 810	111	17	36	2	799
Low-Depth Circuit 811	2	1	34	2	13
Low-Depth Circuit 812	231	96	47	1	1085
Low-Depth Circuit 813	182	8	18	4	1310
Low-Depth Circuit 814	252	53	23	5	2898
Low-Depth Circuit 815	30	4	38	5	570
Low-Depth Circuit 816	47	4	47	1	220
Low-Depth Circuit 817	36	7	33	4	475
Low-Depth Circuit 818	109	10	19	2	414
Low-Depth Circuit 819	54	21	36	3	583
Low-Depth Circuit 820	250	83	10	3	750
Low-Depth Circuit 821	39	14	50	3	585
Low-Depth Circuit 822	108	8	25	4	1080
Low-Depth Circuit 823	76	20	17	4	516
Low-Depth Circuit 824	238	7	15	1	357
Low-Depth Circuit 825	217	25	41	2	1779
Low-Depth Circuit 826	95	22	7	5	332
Low-Depth Circuit 827	131	41	47	3	1847
Low-Depth Circuit 828	185	9	44	1	814
Low-Depth Circuit 829	152	14	18	1	273
Low-Depth Circuit 830	134	46	33	4	1768
Low-Depth Circuit 831	154	25	36	3	1663
Low-Depth Circuit 832	75	32	3	3	67
Low-Depth Circuit 833	111	37	13	5	721
Low-Depth Circuit 834	160	21	38	4	2432
Low-Depth Circuit 835	44	1	28	1	123
Low-Depth Circuit 836	197	66	5	2	197
Low-Depth Circuit 837	140	53	41	4	2296
Low-Depth Circuit 838	10	2	35	5	175
Low-Depth Circuit 839	86	15	28	2	481
Low-Depth Circuit 840	224	111	7	1	156
Low-Depth Circuit 841	204	24	1	5	102
Low-Depth Circuit 842	33	3	28	5	462
Low-Depth Circuit 843	90	4	12	2	216
Low-Depth Circuit 844	67	19	43	2	576
Low-Depth Circuit 845	35	14	15	1	52
Low-Depth Circuit 846	254	86	22	1	558
Low-Depth Circuit 847	82	30	43	2	705
Low-Depth Circuit 848	229	66	9	1	206
Low-Depth Circuit 849	134	7	31	2	830
Low-Depth Circuit 850	61	7	19	3	347
Low-Depth Circuit 851	221	48	7	2	309
Low-Depth Circuit 852	94	11	32	3	902
Low-Depth Circuit 853	186	68	18	5	1674
Low-Depth Circuit 854	175	41	29	4	2030
Low-Depth Circuit 855	175	41	23	3	1207
Low-Depth Circuit 856	90	20	13	5	585
Low-Depth Circuit 857	251	27	4	1	100
Low-Depth Circuit 858	239	109	7	4	669
Low-Depth Circuit 859	213	34	10	4	852
Low-Depth Circuit 860	46	19	39	2	358
Low-Depth Circuit 861	208	47	1	4	83
Low-Depth Circuit 862	62	28	26	5	806
Low-Depth Circuit 863	28	12	2	1	5
Low-Depth Circuit 864	189	49	24	3	1360
Low-Depth Circuit 865	147	18	50	4	2940
Low-Depth Circuit 866	104	36	27	5	1404
Low-Depth Circuit 867	91	29	20	2	364
Low-Depth Circuit 868	152	21	39	4	2371
Low-Depth Circuit 869	217	103	42	3	2734
Low-Depth Circuit 870	79	14	36	5	1422
Low-Depth Circuit 871	49	7	24	3	352
Low-Depth Circuit 872	4	2	9	4	14
Low-Depth Circuit 873	126	52	32	2	806
Low-Depth Circuit 874	89	28	23	2	409
Low-Depth Circuit 875	180	73	16	2	576
Low-Depth Circuit 876	250	54	2	1	50
Low-Depth Circuit 877	205	55	35	2	1435
Low-Depth Circuit 878	162	2	3	2	97
Low-Depth Circuit 879	252	113	43	5	5418
Low-Depth Circuit 880	113	15	18	2	406
Low-Depth Circuit 881	29	13	2	4	23
Low-Depth Circuit 882	226	85	24	5	2712
Low-Depth Circuit 883	90	31	25	3	675
Low-Depth Circuit 884	120	58	44	3	1584
Low-Depth Circuit 885	109	27	9	3	294
Low-Depth Circuit 886	122	57	26	5	1586
Low-Depth Circuit 887	3	1	9	4	10
Low-Depth Circuit 888	170	78	8	4	544
Low-Depth Circuit 889	99	20	48	3	1425
Low-Depth Circuit 890	157	58	49	5	3846
Low-Depth Circuit 891	27	5	8	5	108
Low-Depth Circuit 892	151	65	4	1	60
Low-Depth Circuit 893	212	38	18	5	1908
Low-Depth Circuit 894	35	12	21	2	147
Low-Depth Circuit 895	9	2	9	1	8
Low-Depth Circuit 896	38	7	18	3	205
Low-Depth Circuit 897	137	65	6	4	328
Low-Depth Circuit 898	252	94	35	2	1764
Low-Depth Circuit 899	93	33	43	5	1999
Low-Depth Circuit 900	183	64	39	4	2854
Low-Depth Circuit 901	57	18	29	1	165
Low-Depth Circuit 902	22	4	40	4	352
Low-Depth Circuit 903	212	102	1	3	63
Low-Depth Circuit 904	238	102	38	3	2713
Low-Depth Circuit 905	9	2	48	1	43
Low-Depth Circuit 906	119	35	49	3	1749
Low-Depth Circuit 907	48	16	13	2	124
Low-Depth Circuit 908	31	10	17	2	105
Low-Depth Circuit 909	8	2	24	5	96
Low-Depth Circuit 910	122	30	35	3	1281
Low-Depth Circuit 911	81	10	17	3	413
Low-Depth Circuit 912	145	26	10	4	580
Low-Depth Circuit 913	199	48	37	5	3681
Low-Depth Circuit 914	237	34	14	3	995
Low-Depth Circuit 915	217	35	10	4	868
Low-Depth Circuit 916	252	49	29	5	3654
Low-Depth Circuit 917	40	7	4	5	80
Low-Depth Circuit 918	201	7	49	1	984
Low-Depth Circuit 919	218	84	37	4	3226
Low-Depth Circuit 920	209	54	8	4	668
Low-Depth Circuit 921	124	3	7	3	260
Low-Depth Circuit 922	214	34	13	4	1112
Low-Depth Circuit 923	177	72	5	5	442
Low-Depth Circuit 924	192	64	16	4	1228
Low-Depth Circuit 925	35	1	16	1	56
Low-Depth Circuit 926	38	18	27	5	513
Low-Depth Circuit 927	71	27	9	4	255
Low-Depth Circuit 928	200	20	47	4	3760
Low-Depth Circuit 929	221	14	24	2	1060
Low-Depth Circuit 930	235	106	1	5	117
Low-Depth Circuit 931	14	3	23	1	32
Low-Depth Circuit 932	240	8	18	1	432
Low-Depth Circuit 933	240	111	28	5	3360
Low-Depth Circuit 934	49	13	35	1	171
Low-Depth Circuit 935	54	11	19	3	307
Low-Depth Circuit 936	130	61	20	2	520
Low-Depth Circuit 937	225	62	47	5	5287
Low-Depth Circuit 938	150	20	4	1	60
Low-Depth Circuit 939	48	13	50	5	1200
Low-Depth Circuit 940	169	5	12	5	1014
Low-Depth Circuit 941	97	35	39	4	1513
Low-Depth Circuit 942	218	71	33	2	1438
Low-Depth Circuit 943	144	5	30	3	1296
Low-Depth Circuit 944	213	2	45	1	958
Low-Depth Circuit 945	256	28	33	3	2534
Low-Depth Circuit 946	185	84	43	2	1591
Low-Depth Circuit 947	3	1	22	1	6
Low-Depth Circuit 948	161	30	13	5	1046
Low-Depth Circuit 949	155	22	4	5	310
Low-Depth Circuit 950	130	26	7	1	91
Low-Depth Circuit 951	256	65	15	2	768
Low-Depth Circuit 952	13	1	25	4	130
Low-Depth Circuit 953	94	24	6	1	56
Low-Depth Circuit 954	204	3	50	1	1020
Low-Depth Circuit 955	208	79	28	1	582
Low-Depth Circuit 956	177	56	21	3	1115
Low-Depth Circuit 957	131	47	22	3	864
Low-Depth Circuit 958	134	33	3	5	201
Low-Depth Circuit 959	199	21	39	3	2328
Low-Depth Circuit 960	111	49	36	1	399
Low-Depth Circuit 961	37	13	1	1	3
Low-Depth Circuit 962	216	107	3	4	259
Low-Depth Circuit 963	211	55	13	1	274
Low-Depth Circuit 964	51	13	12	3	183
Low-Depth Circuit 965	72	4	16	1	115
Low-Depth Circuit 966	50	25	12	5	300
Low-Depth Circuit 967	63	30	1	5	31
Low-Depth Circuit 968	55	10	15	1	82
Low-Depth Circuit 969	38	14	36	4	547
Low-Depth Circuit 970	151	72	40	2	1208
Low-Depth Circuit 971	97	4	7	4	271
Low-Depth Circuit 972	234	40	2	4	187
Low-Depth Circuit 973	53	24	2	1	10
Low-Depth Circuit 974	108	42	3	5	162
Low-Depth Circuit 975	213	88	35	4	2982
Low-Depth Circuit 976	247	49	36	5	4446
Low-Depth Circuit 977	248	14	2	5	248
Low-Depth Circuit 978	249	39	28	3	2091
Low-Depth Circuit 979	62	15	10	1	62
Low-Depth Circuit 980	142	66	50	5	3550
Low-Depth Circuit 981	214	11	20	5	2140
Low-Depth Circuit 982	170	24	10	1	170
Low-Depth Circuit 983	108	18	30	5	1620
Low-Depth Circuit 984	19	8	21	5	199
Low-Depth Circuit 985	50	7	12	1	60
Low-Depth Circuit 986	71	3	46	5	1633
Low-Depth Circuit 987	83	40	22	4	730
Low-Depth Circuit 988	180	8	29	1	522
Low-Depth Circuit 989	185	38	37	3	2053
Low-Depth Circuit 990	96	34	4	5	192
Low-Depth Circuit 991	169	77	3	4	202
Low-Depth Circuit 992	30	11	13	3	117
Low-Depth Circuit 993	192	84	46	1	883
Low-Depth Circuit 994	242	64	4	2	193
Low-Depth Circuit 995	91	36	11	4	400
Low-Depth Circuit 996	183	72	38	3	2086
Low-Depth Circuit 997	50	16	2	2	20
Low-Depth Circuit 998	92	37	46	2	846
Low-Depth Circuit 999	248	72	46	1	1140
Low-Depth Circuit 1000	177	30	3	5	265
